# MC68020UM.pdf section 8.2.6, MOVE instruction, 506 cells
source,destination,best,cache,worst
"#<data>.b,w","([b],i)",9,12,14
"#<data>.b,w","([b],i,d16)",11,14,17
"#<data>.b,w","([b],i,d32)",12,15,20
"#<data>.b,w","([d16,b],i)",11,14,17
"#<data>.b,w","([d16,b],i,d16)",13,16,20
"#<data>.b,w","([d16,b],i,d32)",14,17,23
"#<data>.b,w","([d32,b],i)",15,18,22
"#<data>.b,w","([d32,b],i,d16)",17,20,25
"#<data>.b,w","([d32,b],i,d32)",18,21,27
"#<data>.b,w","(an)",3,6,5
"#<data>.b,w","(an)+",4,6,8
"#<data>.b,w","(b)",5,8,10
"#<data>.b,w","(d16,an)",3,7,7
"#<data>.b,w","(d16,an,xn)",6,9,12
"#<data>.b,w","(d16,b)",7,10,14
"#<data>.b,w","(d32,b)",11,14,19
"#<data>.b,w","(d8,an,xn)",4,7,9
"#<data>.b,w","(xxx).l",5,8,9
"#<data>.b,w","(xxx).w",3,6,7
"#<data>.b,w","-(an)",3,7,6
"#<data>.b,w","an",0,4,3
"#<data>.b,w","dn",0,4,3
"#<data>.l","([b],i)",9,14,16
"#<data>.l","([b],i,d16)",11,16,19
"#<data>.l","([b],i,d32)",12,17,22
"#<data>.l","([d16,b],i)",11,16,19
"#<data>.l","([d16,b],i,d16)",13,18,22
"#<data>.l","([d16,b],i,d32)",14,19,25
"#<data>.l","([d32,b],i)",15,20,24
"#<data>.l","([d32,b],i,d16)",17,22,27
"#<data>.l","([d32,b],i,d32)",18,23,29
"#<data>.l","(an)",3,8,7
"#<data>.l","(an)+",4,8,7
"#<data>.l","(b)",5,10,12
"#<data>.l","(d16,an)",3,9,9
"#<data>.l","(d16,an,xn)",6,11,14
"#<data>.l","(d16,b)",7,12,16
"#<data>.l","(d32,b)",11,16,21
"#<data>.l","(d8,an,xn)",4,9,11
"#<data>.l","(xxx).l",5,10,11
"#<data>.l","(xxx).w",3,8,9
"#<data>.l","-(an)",3,9,8
"#<data>.l","an",0,6,5
"#<data>.l","dn",0,6,5
"([b],i)","([b],i)",19,22,21
"([b],i)","([b],i,d16)",21,24,28
"([b],i)","([b],i,d32)",22,25,31
"([b],i)","([d16,b],i)",21,24,28
"([b],i)","([d16,b],i,d16)",23,26,31
"([b],i)","([d16,b],i,d32)",24,27,34
"([b],i)","([d32,b],i)",25,28,35
"([b],i)","([d32,b],i,d16)",27,30,36
"([b],i)","([d32,b],i,d32)",28,31,38
"([b],i)","(an)",12,15,18
"([b],i)","(an)+",12,15,18
"([b],i)","(b)",17,18,21
"([b],i)","(d16,an)",12,15,20
"([b],i)","(d16,an,xn)",16,19,23
"([b],i)","(d16,b)",17,20,25
"([b],i)","(d32,b)",21,24,30
"([b],i)","(d8,an,xn)",14,17,20
"([b],i)","(xxx).l",14,17,22
"([b],i)","(xxx).w",12,15,20
"([b],i)","-(an)",12,15,18
"([b],i)","an",9,14,16
"([b],i)","dn",9,14,16
"([b],i,d16)","([b],i)",21,24,24
"([b],i,d16)","([b],i,d16)",23,26,31
"([b],i,d16)","([b],i,d32)",24,27,34
"([b],i,d16)","([d16,b],i)",23,26,31
"([b],i,d16)","([d16,b],i,d16)",25,28,34
"([b],i,d16)","([d16,b],i,d32)",26,29,37
"([b],i,d16)","([d32,b],i)",27,30,38
"([b],i,d16)","([d32,b],i,d16)",29,32,39
"([b],i,d16)","([d32,b],i,d32)",30,33,41
"([b],i,d16)","(an)",14,17,21
"([b],i,d16)","(an)+",14,17,21
"([b],i,d16)","(b)",19,20,24
"([b],i,d16)","(d16,an)",14,17,23
"([b],i,d16)","(d16,an,xn)",18,21,26
"([b],i,d16)","(d16,b)",19,22,28
"([b],i,d16)","(d32,b)",23,26,33
"([b],i,d16)","(d8,an,xn)",16,19,23
"([b],i,d16)","(xxx).l",16,19,25
"([b],i,d16)","(xxx).w",14,17,23
"([b],i,d16)","-(an)",14,17,21
"([b],i,d16)","an",11,16,19
"([b],i,d16)","dn",11,16,19
"([b],i,d32)","([b],i)",21,24,25
"([b],i,d32)","([b],i,d16)",23,26,32
"([b],i,d32)","([b],i,d32)",24,27,35
"([b],i,d32)","([d16,b],i)",23,26,32
"([b],i,d32)","([d16,b],i,d16)",25,28,35
"([b],i,d32)","([d16,b],i,d32)",26,29,38
"([b],i,d32)","([d32,b],i)",27,30,39
"([b],i,d32)","([d32,b],i,d16)",29,32,40
"([b],i,d32)","([d32,b],i,d32)",30,33,42
"([b],i,d32)","(an)",14,17,22
"([b],i,d32)","(an)+",14,17,22
"([b],i,d32)","(b)",19,20,25
"([b],i,d32)","(d16,an)",14,17,24
"([b],i,d32)","(d16,an,xn)",18,21,27
"([b],i,d32)","(d16,b)",19,22,29
"([b],i,d32)","(d32,b)",23,26,34
"([b],i,d32)","(d8,an,xn)",16,19,24
"([b],i,d32)","(xxx).l",16,19,26
"([b],i,d32)","(xxx).w",14,17,24
"([b],i,d32)","-(an)",14,17,22
"([b],i,d32)","an",11,16,20
"([b],i,d32)","dn",11,16,20
"([d16,b],i)","([b],i)",21,24,24
"([d16,b],i)","([b],i,d16)",23,26,31
"([d16,b],i)","([b],i,d32)",24,27,34
"([d16,b],i)","([d16,b],i)",23,26,31
"([d16,b],i)","([d16,b],i,d16)",25,28,34
"([d16,b],i)","([d16,b],i,d32)",26,29,37
"([d16,b],i)","([d32,b],i)",27,30,38
"([d16,b],i)","([d32,b],i,d16)",29,32,39
"([d16,b],i)","([d32,b],i,d32)",30,33,41
"([d16,b],i)","(an)",14,17,21
"([d16,b],i)","(an)+",14,17,21
"([d16,b],i)","(b)",19,20,24
"([d16,b],i)","(d16,an)",14,17,23
"([d16,b],i)","(d16,an,xn)",18,21,26
"([d16,b],i)","(d16,b)",19,22,28
"([d16,b],i)","(d32,b)",23,26,33
"([d16,b],i)","(d8,an,xn)",16,19,23
"([d16,b],i)","(xxx).l",16,19,25
"([d16,b],i)","(xxx).w",14,17,23
"([d16,b],i)","-(an)",14,17,21
"([d16,b],i)","an",11,16,19
"([d16,b],i)","dn",11,16,19
"([d16,b],i,d16)","([b],i)",23,26,27
"([d16,b],i,d16)","([b],i,d16)",25,28,34
"([d16,b],i,d16)","([b],i,d32)",26,29,37
"([d16,b],i,d16)","([d16,b],i)",25,28,34
"([d16,b],i,d16)","([d16,b],i,d16)",27,30,37
"([d16,b],i,d16)","([d16,b],i,d32)",28,31,40
"([d16,b],i,d16)","([d32,b],i)",29,32,41
"([d16,b],i,d16)","([d32,b],i,d16)",31,34,42
"([d16,b],i,d16)","([d32,b],i,d32)",32,35,44
"([d16,b],i,d16)","(an)",16,19,24
"([d16,b],i,d16)","(an)+",16,19,24
"([d16,b],i,d16)","(b)",21,22,27
"([d16,b],i,d16)","(d16,an)",16,19,26
"([d16,b],i,d16)","(d16,an,xn)",20,23,29
"([d16,b],i,d16)","(d16,b)",21,24,31
"([d16,b],i,d16)","(d32,b)",25,28,36
"([d16,b],i,d16)","(d8,an,xn)",18,21,26
"([d16,b],i,d16)","(xxx).l",18,21,28
"([d16,b],i,d16)","(xxx).w",16,19,26
"([d16,b],i,d16)","-(an)",16,19,24
"([d16,b],i,d16)","an",13,18,22
"([d16,b],i,d16)","dn",13,18,22
"([d16,b],i,d32)","([b],i)",23,26,28
"([d16,b],i,d32)","([b],i,d16)",25,28,35
"([d16,b],i,d32)","([b],i,d32)",26,29,38
"([d16,b],i,d32)","([d16,b],i)",25,28,35
"([d16,b],i,d32)","([d16,b],i,d16)",27,30,38
"([d16,b],i,d32)","([d16,b],i,d32)",28,31,41
"([d16,b],i,d32)","([d32,b],i)",29,32,42
"([d16,b],i,d32)","([d32,b],i,d16)",31,34,43
"([d16,b],i,d32)","([d32,b],i,d32)",32,35,45
"([d16,b],i,d32)","(an)",16,19,25
"([d16,b],i,d32)","(an)+",16,19,25
"([d16,b],i,d32)","(b)",21,22,28
"([d16,b],i,d32)","(d16,an)",16,19,27
"([d16,b],i,d32)","(d16,an,xn)",20,23,30
"([d16,b],i,d32)","(d16,b)",21,24,32
"([d16,b],i,d32)","(d32,b)",25,28,37
"([d16,b],i,d32)","(d8,an,xn)",18,21,27
"([d16,b],i,d32)","(xxx).l",18,21,29
"([d16,b],i,d32)","(xxx).w",16,19,27
"([d16,b],i,d32)","-(an)",16,19,25
"([d16,b],i,d32)","an",13,18,23
"([d16,b],i,d32)","dn",13,18,23
"([d32,b],i)","([b],i)",25,28,28
"([d32,b],i)","([b],i,d16)",27,30,35
"([d32,b],i)","([b],i,d32)",28,31,38
"([d32,b],i)","([d16,b],i)",27,30,35
"([d32,b],i)","([d16,b],i,d16)",29,32,38
"([d32,b],i)","([d16,b],i,d32)",30,33,41
"([d32,b],i)","([d32,b],i)",31,34,42
"([d32,b],i)","([d32,b],i,d16)",33,36,43
"([d32,b],i)","([d32,b],i,d32)",34,37,45
"([d32,b],i)","(an)",18,21,25
"([d32,b],i)","(an)+",18,21,25
"([d32,b],i)","(b)",23,24,28
"([d32,b],i)","(d16,an)",18,21,27
"([d32,b],i)","(d16,an,xn)",22,25,30
"([d32,b],i)","(d16,b)",23,26,32
"([d32,b],i)","(d32,b)",27,30,37
"([d32,b],i)","(d8,an,xn)",20,23,27
"([d32,b],i)","(xxx).l",20,23,29
"([d32,b],i)","(xxx).w",18,21,27
"([d32,b],i)","-(an)",18,21,25
"([d32,b],i)","an",15,20,23
"([d32,b],i)","dn",15,20,23
"([d32,b],i,d16)","([b],i)",27,30,30
"([d32,b],i,d16)","([b],i,d16)",29,32,37
"([d32,b],i,d16)","([b],i,d32)",30,33,40
"([d32,b],i,d16)","([d16,b],i)",29,32,37
"([d32,b],i,d16)","([d16,b],i,d16)",31,34,40
"([d32,b],i,d16)","([d16,b],i,d32)",32,35,43
"([d32,b],i,d16)","([d32,b],i)",33,36,44
"([d32,b],i,d16)","([d32,b],i,d16)",35,38,45
"([d32,b],i,d16)","([d32,b],i,d32)",36,39,47
"([d32,b],i,d16)","(an)",20,23,27
"([d32,b],i,d16)","(an)+",20,23,27
"([d32,b],i,d16)","(b)",25,26,30
"([d32,b],i,d16)","(d16,an)",20,23,29
"([d32,b],i,d16)","(d16,an,xn)",24,27,32
"([d32,b],i,d16)","(d16,b)",25,28,34
"([d32,b],i,d16)","(d32,b)",29,32,39
"([d32,b],i,d16)","(d8,an,xn)",22,25,29
"([d32,b],i,d16)","(xxx).l",22,25,31
"([d32,b],i,d16)","(xxx).w",20,23,29
"([d32,b],i,d16)","-(an)",20,23,27
"([d32,b],i,d16)","an",17,22,25
"([d32,b],i,d16)","dn",17,22,25
"([d32,b],i,d32)","([b],i)",27,30,32
"([d32,b],i,d32)","([b],i,d16)",29,32,39
"([d32,b],i,d32)","([b],i,d32)",30,33,42
"([d32,b],i,d32)","([d16,b],i)",29,32,39
"([d32,b],i,d32)","([d16,b],i,d16)",31,34,42
"([d32,b],i,d32)","([d16,b],i,d32)",32,35,45
"([d32,b],i,d32)","([d32,b],i)",33,36,46
"([d32,b],i,d32)","([d32,b],i,d16)",35,38,47
"([d32,b],i,d32)","([d32,b],i,d32)",36,39,49
"([d32,b],i,d32)","(an)",20,23,29
"([d32,b],i,d32)","(an)+",20,23,29
"([d32,b],i,d32)","(b)",25,26,32
"([d32,b],i,d32)","(d16,an)",20,23,31
"([d32,b],i,d32)","(d16,an,xn)",24,27,34
"([d32,b],i,d32)","(d16,b)",25,28,36
"([d32,b],i,d32)","(d32,b)",29,32,41
"([d32,b],i,d32)","(d8,an,xn)",22,25,31
"([d32,b],i,d32)","(xxx).l",22,25,33
"([d32,b],i,d32)","(xxx).w",20,23,31
"([d32,b],i,d32)","-(an)",20,23,29
"([d32,b],i,d32)","an",17,22,27
"([d32,b],i,d32)","dn",17,22,27
"(an)","([b],i)",13,14,12
"(an)","([b],i,d16)",15,16,19
"(an)","([b],i,d32)",16,17,22
"(an)","([d16,b],i)",15,16,19
"(an)","([d16,b],i,d16)",17,18,22
"(an)","([d16,b],i,d32)",18,19,25
"(an)","([d32,b],i)",19,20,24
"(an)","([d32,b],i,d16)",21,22,27
"(an)","([d32,b],i,d32)",22,23,29
"(an)","(an)",6,7,9
"(an)","(an)+",6,7,9
"(an)","(b)",9,10,12
"(an)","(d16,an)",6,7,11
"(an)","(d16,an,xn)",10,11,14
"(an)","(d16,b)",11,12,16
"(an)","(d32,b)",15,16,21
"(an)","(d8,an,xn)",8,9,11
"(an)","(xxx).l",8,9,13
"(an)","(xxx).w",6,7,11
"(an)","-(an)",6,7,9
"(an)","an",3,6,7
"(an)","dn",3,6,7
"(an)+","([b],i)",14,14,12
"(an)+","([b],i,d16)",16,16,19
"(an)+","([b],i,d32)",17,17,22
"(an)+","([d16,b],i)",16,16,19
"(an)+","([d16,b],i,d16)",18,18,22
"(an)+","([d16,b],i,d32)",19,19,25
"(an)+","([d32,b],i)",20,20,24
"(an)+","([d32,b],i,d16)",22,22,27
"(an)+","([d32,b],i,d32)",23,23,29
"(an)+","(an)",7,7,9
"(an)+","(an)+",7,7,9
"(an)+","(b)",10,10,12
"(an)+","(d16,an)",7,7,11
"(an)+","(d16,an,xn)",11,11,14
"(an)+","(d16,b)",12,12,16
"(an)+","(d32,b)",16,16,21
"(an)+","(d8,an,xn)",9,9,11
"(an)+","(xxx).l",9,9,13
"(an)+","(xxx).w",7,7,11
"(an)+","-(an)",7,7,9
"(an)+","an",4,6,7
"(an)+","dn",4,6,7
"(b)","([b],i)",14,17,17
"(b)","([b],i,d16)",16,19,24
"(b)","([b],i,d32)",17,20,27
"(b)","([d16,b],i)",16,19,24
"(b)","([d16,b],i,d16)",18,21,27
"(b)","([d16,b],i,d32)",19,22,30
"(b)","([d32,b],i)",20,23,31
"(b)","([d32,b],i,d16)",22,25,32
"(b)","([d32,b],i,d32)",23,26,34
"(b)","(an)",7,10,14
"(b)","(an)+",7,10,14
"(b)","(b)",10,13,17
"(b)","(d16,an)",7,10,16
"(b)","(d16,an,xn)",11,14,19
"(b)","(d16,b)",12,15,21
"(b)","(d32,b)",16,19,26
"(b)","(d8,an,xn)",9,12,16
"(b)","(xxx).l",9,12,18
"(b)","(xxx).w",7,10,16
"(b)","-(an)",7,10,14
"(b)","an",4,9,12
"(b)","dn",4,9,12
"(d16,an)","([b],i)",13,15,14
"(d16,an)","([b],i,d16)",15,17,21
"(d16,an)","([b],i,d32)",16,18,24
"(d16,an)","([d16,b],i)",15,17,21
"(d16,an)","([d16,b],i,d16)",17,19,24
"(d16,an)","([d16,b],i,d32)",18,20,27
"(d16,an)","([d32,b],i)",19,21,26
"(d16,an)","([d32,b],i,d16)",21,23,29
"(d16,an)","([d32,b],i,d32)",22,24,31
"(d16,an)","(an)",6,8,11
"(d16,an)","(an)+",6,8,11
"(d16,an)","(b)",9,11,14
"(d16,an)","(d16,an)",6,8,13
"(d16,an)","(d16,an,xn)",10,12,16
"(d16,an)","(d16,b)",11,13,18
"(d16,an)","(d32,b)",15,17,23
"(d16,an)","(d8,an,xn)",8,10,13
"(d16,an)","(xxx).l",8,10,15
"(d16,an)","(xxx).w",6,8,13
"(d16,an)","-(an)",6,8,11
"(d16,an)","an",3,7,9
"(d16,an)","dn",3,7,9
"(d16,an,xn)","([b],i)",14,17,17
"(d16,an,xn)","([b],i,d16)",16,19,24
"(d16,an,xn)","([b],i,d32)",17,20,27
"(d16,an,xn)","([d16,b],i)",16,19,24
"(d16,an,xn)","([d16,b],i,d16)",18,21,27
"(d16,an,xn)","([d16,b],i,d32)",19,22,30
"(d16,an,xn)","([d32,b],i)",20,23,31
"(d16,an,xn)","([d32,b],i,d16)",22,25,32
"(d16,an,xn)","([d32,b],i,d32)",23,26,34
"(d16,an,xn)","(an)",7,10,14
"(d16,an,xn)","(an)+",7,10,14
"(d16,an,xn)","(b)",10,13,17
"(d16,an,xn)","(d16,an)",7,10,16
"(d16,an,xn)","(d16,an,xn)",11,14,19
"(d16,an,xn)","(d16,b)",12,15,21
"(d16,an,xn)","(d32,b)",16,19,26
"(d16,an,xn)","(d8,an,xn)",9,12,16
"(d16,an,xn)","(xxx).l",9,12,18
"(d16,an,xn)","(xxx).w",7,10,16
"(d16,an,xn)","-(an)",7,10,14
"(d16,an,xn)","an",4,9,12
"(d16,an,xn)","dn",4,9,12
"(d16,b)","([b],i)",16,19,20
"(d16,b)","([b],i,d16)",18,21,27
"(d16,b)","([b],i,d32)",19,22,30
"(d16,b)","([d16,b],i)",18,21,27
"(d16,b)","([d16,b],i,d16)",20,23,30
"(d16,b)","([d16,b],i,d32)",21,24,33
"(d16,b)","([d32,b],i)",22,25,34
"(d16,b)","([d32,b],i,d16)",24,27,35
"(d16,b)","([d32,b],i,d32)",25,28,37
"(d16,b)","(an)",9,12,17
"(d16,b)","(an)+",9,12,17
"(d16,b)","(b)",12,15,20
"(d16,b)","(d16,an)",9,12,19
"(d16,b)","(d16,an,xn)",13,16,22
"(d16,b)","(d16,b)",14,17,24
"(d16,b)","(d32,b)",18,21,29
"(d16,b)","(d8,an,xn)",11,14,19
"(d16,b)","(xxx).l",11,14,21
"(d16,b)","(xxx).w",9,12,19
"(d16,b)","-(an)",9,12,17
"(d16,b)","an",6,11,15
"(d16,b)","dn",6,11,15
"(d32,b)","([b],i)",20,23,24
"(d32,b)","([b],i,d16)",22,25,31
"(d32,b)","([b],i,d32)",23,26,34
"(d32,b)","([d16,b],i)",22,25,31
"(d32,b)","([d16,b],i,d16)",24,27,34
"(d32,b)","([d16,b],i,d32)",25,28,37
"(d32,b)","([d32,b],i)",26,29,38
"(d32,b)","([d32,b],i,d16)",28,31,39
"(d32,b)","([d32,b],i,d32)",29,32,41
"(d32,b)","(an)",13,16,21
"(d32,b)","(an)+",13,16,21
"(d32,b)","(b)",18,19,24
"(d32,b)","(d16,an)",13,16,23
"(d32,b)","(d16,an,xn)",17,20,26
"(d32,b)","(d16,b)",18,21,28
"(d32,b)","(d32,b)",22,25,33
"(d32,b)","(d8,an,xn)",15,18,23
"(d32,b)","(xxx).l",15,18,25
"(d32,b)","(xxx).w",13,16,23
"(d32,b)","-(an)",13,16,21
"(d32,b)","an",10,15,19
"(d32,b)","dn",10,15,19
"(d8,an,xn)","([b],i)",14,17,16
"(d8,an,xn)","([b],i,d16)",16,19,23
"(d8,an,xn)","([b],i,d32)",17,20,26
"(d8,an,xn)","([d16,b],i)",16,19,23
"(d8,an,xn)","([d16,b],i,d16)",18,21,26
"(d8,an,xn)","([d16,b],i,d32)",19,22,29
"(d8,an,xn)","([d32,b],i)",20,23,30
"(d8,an,xn)","([d32,b],i,d16)",22,25,31
"(d8,an,xn)","([d32,b],i,d32)",23,26,33
"(d8,an,xn)","(an)",7,10,13
"(d8,an,xn)","(an)+",7,10,13
"(d8,an,xn)","(b)",10,13,16
"(d8,an,xn)","(d16,an)",7,10,15
"(d8,an,xn)","(d16,an,xn)",10,14,18
"(d8,an,xn)","(d16,b)",12,15,20
"(d8,an,xn)","(d32,b)",16,19,25
"(d8,an,xn)","(d8,an,xn)",9,12,15
"(d8,an,xn)","(xxx).l",9,12,17
"(d8,an,xn)","(xxx).w",7,10,15
"(d8,an,xn)","-(an)",7,10,13
"(d8,an,xn)","an",4,9,11
"(d8,an,xn)","dn",4,9,11
"(xxx).l","([b],i)",13,14,15
"(xxx).l","([b],i,d16)",15,16,22
"(xxx).l","([b],i,d32)",16,17,25
"(xxx).l","([d16,b],i)",15,16,22
"(xxx).l","([d16,b],i,d16)",17,18,25
"(xxx).l","([d16,b],i,d32)",18,19,28
"(xxx).l","([d32,b],i)",19,20,29
"(xxx).l","([d32,b],i,d16)",21,22,30
"(xxx).l","([d32,b],i,d32)",22,23,32
"(xxx).l","(an)",6,7,12
"(xxx).l","(an)+",6,7,12
"(xxx).l","(b)",9,10,15
"(xxx).l","(d16,an)",6,7,14
"(xxx).l","(d16,an,xn)",10,11,17
"(xxx).l","(d16,b)",11,12,19
"(xxx).l","(d32,b)",15,16,24
"(xxx).l","(d8,an,xn)",8,9,14
"(xxx).l","(xxx).l",8,9,16
"(xxx).l","(xxx).w",6,7,14
"(xxx).l","-(an)",6,7,12
"(xxx).l","an",3,6,10
"(xxx).l","dn",3,6,10
"(xxx).w","([b],i)",13,14,13
"(xxx).w","([b],i,d16)",15,16,20
"(xxx).w","([b],i,d32)",16,17,23
"(xxx).w","([d16,b],i)",15,16,20
"(xxx).w","([d16,b],i,d16)",17,18,23
"(xxx).w","([d16,b],i,d32)",18,19,26
"(xxx).w","([d32,b],i)",19,20,27
"(xxx).w","([d32,b],i,d16)",21,22,28
"(xxx).w","([d32,b],i,d32)",22,23,30
"(xxx).w","(an)",6,7,10
"(xxx).w","(an)+",6,7,10
"(xxx).w","(b)",9,10,13
"(xxx).w","(d16,an)",6,7,12
"(xxx).w","(d16,an,xn)",10,11,15
"(xxx).w","(d16,b)",11,12,17
"(xxx).w","(d32,b)",15,16,22
"(xxx).w","(d8,an,xn)",8,9,12
"(xxx).w","(xxx).l",8,9,14
"(xxx).w","(xxx).w",6,7,12
"(xxx).w","-(an)",6,7,10
"(xxx).w","an",3,6,8
"(xxx).w","dn",3,6,8
"-(an)","([b],i)",13,15,13
"-(an)","([b],i,d16)",15,17,20
"-(an)","([b],i,d32)",16,18,23
"-(an)","([d16,b],i)",15,17,20
"-(an)","([d16,b],i,d16)",17,19,23
"-(an)","([d16,b],i,d32)",18,20,26
"-(an)","([d32,b],i)",19,21,25
"-(an)","([d32,b],i,d16)",21,23,28
"-(an)","([d32,b],i,d32)",22,24,30
"-(an)","(an)",6,8,10
"-(an)","(an)+",6,8,10
"-(an)","(b)",9,11,13
"-(an)","(d16,an)",6,8,12
"-(an)","(d16,an,xn)",10,12,15
"-(an)","(d16,b)",11,13,17
"-(an)","(d32,b)",15,17,22
"-(an)","(d8,an,xn)",8,10,12
"-(an)","(xxx).l",8,10,14
"-(an)","(xxx).w",6,8,12
"-(an)","-(an)",6,8,10
"-(an)","an",3,7,8
"-(an)","dn",3,7,8
"rn","([b],i)",9,12,14
"rn","([b],i,d16)",11,14,17
"rn","([b],i,d32)",12,15,20
"rn","([d16,b],i)",11,14,17
"rn","([d16,b],i,d16)",13,16,20
"rn","([d16,b],i,d32)",14,17,23
"rn","([d32,b],i)",15,18,22
"rn","([d32,b],i,d16)",17,20,25
"rn","([d32,b],i,d32)",18,21,27
"rn","(an)",3,4,5
"rn","(an)+",4,4,5
"rn","(b)",5,8,10
"rn","(d16,an)",3,5,7
"rn","(d16,an,xn)",6,9,12
"rn","(d16,b)",7,10,14
"rn","(d32,b)",11,14,19
"rn","(d8,an,xn)",4,7,9
"rn","(xxx).l",5,6,9
"rn","(xxx).w",3,4,7
"rn","-(an)",3,5,6
"rn","an",0,2,3
"rn","dn",0,2,3
